estacion_id,estacion,log_abordajes_laboral,pct_manana,pct_valle,pct_tarde,log_ratio_manana,indice_fin_semana,n_lineas,cluster_kmeans,cluster_jerarquico,perfil
acevedo,Acevedo,4.7710065635306425,31.041493705630202,26.51768014774402,31.063519764151742,0.031493427184446796,0.4912827637620508,2,1,0,Residencial (origen)
aguacatala,Aguacatala,4.513736844287251,14.764545482398358,24.89046845797972,43.255001685100645,-1.1800108854940918,0.34774349704341434,1,0,1,Laboral / comercial (destino)
alpujarra,Alpujarra,4.181929295503233,15.187791883180951,27.645859369861213,42.432414655002304,-1.2936765259831686,0.36847990528185226,1,0,1,Laboral / comercial (destino)
andalucia,Andalucía,4.2043642046210055,39.20294834155788,23.86157786245237,25.860453494909112,0.9912938439685823,0.46467611968267847,1,1,0,Residencial (origen)
arvi,Arví,3.6923180442592787,12.591389114541023,48.11129163281885,29.955320877335502,0.03112454350392963,3.9467912266450043,1,2,2,Ocio / turístico
ayura,Ayurá,4.448907192598777,14.15003734926902,25.58602781631274,45.63013552449045,-1.1989830003688986,0.3496958702379682,1,0,1,Laboral / comercial (destino)
bello,Bello,4.069705088051851,39.72404394855634,22.91116599948897,26.752406098288052,1.092626806925072,0.4537943957073503,1,1,0,Residencial (origen)
caribe,Caribe,4.457548860411008,15.15447381267871,26.919589929562733,41.505683799428134,-1.2444449907767865,0.3604156496268917,1,0,1,Laboral / comercial (destino)
cisneros,Cisneros,4.18261434773635,15.715505352334668,26.768240625205227,40.697445327379,-1.230121858872807,0.3545018716753136,1,0,1,Laboral / comercial (destino)
envigado,Envigado,3.997298992409514,40.732541758905214,23.294425437713826,25.51821292010465,1.1505819090705671,0.4332863755282753,1,1,0,Residencial (origen)
estadio,Estadio,3.596377143997599,11.930091185410333,48.860182370820674,30.344478216818644,0.032365284502031716,3.840932117527862,1,2,2,Ocio / turístico
exposiciones,Exposiciones,4.32621292999943,14.508823251863735,27.050108521279608,41.6155515711994,-1.2313032198027163,0.3514673964329527,1,0,1,Laboral / comercial (destino)
floresta,Floresta,4.197087495449889,41.69472146350759,23.58508543479642,24.455313472654513,1.0675636753924458,0.4440068601918313,1,1,0,Residencial (origen)
hospital,Hospital,4.1910316088486175,14.08695652173913,27.555555555555557,43.12399355877617,-1.3333632619875175,0.3688244766505636,1,0,1,Laboral / comercial (destino)
industriales,Industriales,4.352549100916226,14.889648741063102,27.185931879745993,42.63066743638705,-1.1425668603571257,0.3483280785114792,1,0,1,Laboral / comercial (destino)
itagui,Itagüí,4.035749837319661,40.836249769755014,23.540246822619267,24.53490513906797,1.0738866722327873,0.45376680788358814,1,1,0,Residencial (origen)
juan_xxiii,Juan XXIII,4.2752422305559,38.690507773120395,24.242585026794718,26.200456306043403,0.9868815410874646,0.4547142781344511,1,1,0,Residencial (origen)
la_aurora,La Aurora,4.048208667024146,40.59423662072669,22.785036692321462,25.872561303024877,1.0124831349381709,0.4405763379273313,1,1,0,Residencial (origen)
la_estrella,La Estrella,4.107616929991784,39.0649391195754,24.6721823290665,25.608804246019357,0.9823622289509534,0.4667499219481736,1,1,0,Residencial (origen)
madera,Madera,4.103221992452924,40.9997634629031,23.9139004967279,25.506583615863754,1.1034315751040586,0.44713395884254514,1,1,0,Residencial (origen)
niquia,Niquía,4.283029709793859,41.046487387950805,22.753804461121536,25.990202209714404,1.056957730718337,0.4477277465082343,1,1,0,Residencial (origen)
parque_berrio,Parque Berrío,3.5381965783494542,11.75789168838691,48.21894005212858,31.10338835794961,0.047928466571950774,3.7046046915725457,1,2,2,Ocio / turístico
poblado,Poblado,3.4051755462179893,11.48701809598741,48.1117230527144,31.235247836349334,0.0348467313301681,3.77183320220299,1,2,2,Ocio / turístico
popular,Popular,4.33344727449675,41.36890951276102,22.761020881670532,25.354988399071924,1.119925871802039,0.4535034802784223,1,1,0,Residencial (origen)
prado,Prado,4.50505496600964,13.899915606538931,26.268246178851623,45.619354233738626,-1.3082781198759537,0.36529865908167414,1,0,1,Laboral / comercial (destino)
sabaneta,Sabaneta,4.008515007631455,39.95881545401059,22.651500294175328,27.211217885859973,0.9679069715252907,0.45293194744067466,1,1,0,Residencial (origen)
san_antonio,San Antonio,4.865488921876963,29.906631227424523,28.52722687930212,31.50957541061814,-0.010247663814807347,0.4729639473863559,2,1,0,Residencial (origen)
san_javier,San Javier,4.810077865492095,31.49883085309011,25.59425182340462,31.588646112392958,0.09270799348264101,0.48853306904935195,2,1,0,Residencial (origen)
santa_lucia,Santa Lucía,4.212320803141976,41.09782275375652,22.017785955228458,26.98558724317694,1.0114889943479646,0.43385464581416744,1,1,0,Residencial (origen)
santo_domingo,Santo Domingo Savio,4.214711421005384,39.87801158889906,23.269289417505338,26.642268984446478,1.024919558070735,0.4426349496797804,2,1,0,Residencial (origen)
simon_bolivar,Simón Bolívar,4.171638708530819,41.55048157877012,22.63083451202263,25.250892436182394,1.0634147705061678,0.44224422442244227,1,1,0,Residencial (origen)
suarez,Suárez,4.402037727716252,15.362364781867893,24.56710385545033,42.54863890319769,-1.1332558342212897,0.3580853508737172,1,0,1,Laboral / comercial (destino)
tricentenario,Tricentenario,4.063858548853072,39.54592541436464,22.936809392265193,25.94095303867403,1.0187207183031055,0.44725483425414364,1,1,0,Residencial (origen)
universidad,Universidad,4.239549720840473,15.455069124423963,25.27073732718894,42.11981566820276,-1.27805149113524,0.3582373271889401,1,0,1,Laboral / comercial (destino)
vallejuelos,Vallejuelos,4.175163774491954,43.22554783538215,22.828701229289152,24.512292891501872,1.1300120425360896,0.4333244254409407,1,1,0,Residencial (origen)
